Workbook

Sheet README
A1: CareyBot — Deployment Cost Analysis
A3: Purpose | B3: Monthly running-cost model for the CareyBot mental-health triage chatbot (TikTok + Telegram) as currently deployed, plus alternative configurations for the same architecture.
A4: Baseline volume | B4: 500 users/month x 10 LLM turns each (post-questionnaire) = 5,000 billable AI turns. The ~7 hard-coded screener/menu turns per user cost $0 (pure local logic, no AI call).
A5: How to use | B5: Edit only the BLUE cells on the "Inputs" tab (and the yellow rate cards). Everything else recomputes in Excel. Costs shown per LLM rate card and per infrastructure configuration.
A7: TAB GUIDE
A8: Inputs | B8: All editable assumptions: volume, per-message token sizes, testing cadence, LLM rate cards. BLUE = editable; YELLOW = key assumption to confirm.
A9: TokenModel | B9: Derives per-session & per-cohort tokens. Models AIBots server-side context accumulation (each turn re-reads the system prime + full transcript).
A10: ProductionAI | B10: Live chatbot AI cost for the 500-user cohort, one row per candidate LLM/provider rate.
A11: Testing | B11: Automated eval-harness cost (GitHub Actions cron every 2 days): AIBots sim calls + OpenAI roleplay "youth" + CI minutes.
A12: Infrastructure | B12: Fixed monthly (volume-independent) costs under 4 hosting configurations.
A13: TCO | B13: Total cost of ownership: 6 named end-to-end scenarios (rate card + infra config).
A14: AltProviders | B14: Alternative solutions per architectural component, with cost impact and PDPA/Singapore-residency suitability.
A16: KEY ASSUMPTIONS / CONFIRM
A17: LLM rate | B17: AIBots uses model alias "azure~openai.gpt-5-2-chat". The real per-token rate is NOT public. Rate cards are ESTIMATES — replace with the confirmed AIBots/Azure rate. If AIBots is gov-provided at $0/token, use the "AIBots (gov-provided)" row.
A18: Context accumulation | B18: AIBots holds session state server-side, so the LLM re-reads the full conversation each turn -> per-session input tokens grow super-linearly. Dominant token driver; modeled in TokenModel.
A19: M365 / SharePoint | B19: Assumed already owned org-wide -> $0 incremental. Power Automate "HTTP request received" trigger is a PREMIUM connector; may add ~$15/user or ~$100/flow if not already licensed.
A20: Dify fallback | B20: Live AIBots->Dify failover exists in webhook.ts. It contradicts the CLAUDE.md PDPA "no Dify" rule and is a second paid AI provider. Treated as $0 unless it fires; see AltProviders.
A21: Prices | B21: All third-party prices are list prices as understood at time of writing and MUST be re-verified before budgeting. No prices were fetched live for this sheet.

Sheet Inputs
A1: Inputs & Assumptions (edit BLUE cells / YELLOW rate cards)
A3: VOLUME & USAGE
A4: Users per month | B4: 500 | D4: Projected pilot cohort. Change to model other volumes.
A5: LLM turns per user (post-questionnaire) | B5: 10 | D5: Open-ended AI turns after screener/menu.
A6: Hard-coded screener/menu turns per user (no AI) | B6: 7 | D6: Age gate + 4Q C-SSRS + safety check + menu. $0.
A7: Total billable AI turns / month | B7: =B4*B5 -> 5000
A9: PER-MESSAGE TOKEN ASSUMPTIONS
A10: System prime tokens (CAREY V3 prompt, once/session) | B10: 3000 | D10: Re-read each turn as context.
A11: Prime reply tokens (output) | B11: 40 | D11: Short ack to the priming message.
A12: User message tokens (input, avg) | B12: 35 | D12: Average inbound youth message.
A13: Carey reply tokens (output, 90-word cap) | B13: 120 | D13: System prompt hard-caps replies at 90 words.
A15: TESTING / EVAL HARNESS ASSUMPTIONS
A16: Eval runs per month (cron every 2 days) | B16: 15 | D16: eval.yml cron 0 0 */2 * *.
A17: Personas per run | B17: 6 | D17: Representatives per user type + crisis persona.
A18: AI turns per persona (of 20 max) | B18: 12 | D18: ~7 of 20 turns are scripted screener (no AIBots call).
A19: OpenAI roleplay calls per persona | B19: 12 | D19: gpt-4o-mini "youth" msg per open turn.
A20: OpenAI roleplay input tokens/call (avg) | B20: 1200 | D20: Growing transcript + rolePrompt.
A21: OpenAI roleplay output tokens/call (avg) | B21: 60
A22: OpenAI gpt-4o-mini input $/1M | B22: 0.15 | D22: List price.
A23: OpenAI gpt-4o-mini output $/1M | B23: 0.6 | D23: List price.
A25: LLM RATE CARDS ($ / 1M tokens) — ESTIMATES, CONFIRM BEFORE BUDGETING
A26: Provider / model | B26: Input $/1M | C26: Output $/1M | D26: Notes (PDPA / Singapore residency)
A27: AIBots (gov-provided) | B27: 0 | C27: 0 | D27: Approved SG-gov platform. Assumed $0/token (subsidised). Current production brain via Directus.
A28: Azure OpenAI GPT-4o-class | B28: 2.5 | C28: 10 | D28: PDPA-OK if pinned to Southeast Asia region. Placeholder for what sits behind AIBots today.
A29: Azure OpenAI GPT-4o-mini | B29: 0.15 | C29: 0.6 | D29: Cheapest managed option; quality/safety tradeoff for a mental-health bot.
A30: Flagship GPT-5-class (est.) | B30: 5 | C30: 15 | D30: PLACEHOLDER — real gpt-5-2 rate unknown. Confirm with AIBots.
A31: Claude Sonnet (Bedrock SG) | B31: 3 | C31: 15 | D31: PDPA-OK in Bedrock ap-southeast-1. Strong safety profile.
A32: Claude Haiku (Bedrock SG) | B32: 0.8 | C32: 4 | D32: Cheaper Claude tier; good latency.
A33: Qwen-Plus (Alibaba Cloud SG, est.) | B33: 0.4 | C33: 1.2 | D33: Data CAN stay in SG: use Alibaba Cloud Model Studio INTERNATIONAL (Singapore region), NOT the China (.cn) endpoint; or self-host open-weight Qwen on an SG GPU VM. CAVEAT: Chinese-owned vendor -> extra security/procurement review likely for a gov-linked MH service. Residency != approval. Rate is an ESTIMATE.
A34: Self-hosted OSS (SEA-LION / Llama / Qwen on SG GPU VM) | D34: No per-token cost; fixed GPU VM instead (see Infrastructure). Best PDPA control; higher ops burden.

Sheet TokenModel
A1: Token Model — per-session accumulation & cohort totals
A3: AIBots holds session context server-side, so the LLM re-reads the system prime + full transcript every turn. Per-session input tokens therefore grow each turn. Table sums the priming call + N user turns (N = Inputs!B5).
A5: Turn | B5: Included (turn<=N) | C5: Input tokens (this call) | D5: Output tokens (this call)
A6: 0 | B6: =IF(Inputs!$B$5>=1,1,0) -> 1 | C6: =IF(B6=1,Inputs!$B$10,0) -> 3000 | D6: =IF(B6=1,Inputs!$B$11,0) -> 40
A7: 1 | B7: =IF(Inputs!$B$5>=1,1,0) -> 1 | C7: =IF(B7=1,Inputs!$B$10+Inputs!$B$11+($A7-1)*(Inputs!$B$12+Inputs!$B$13)+Inputs!$B$12,0) -> 3075 | D7: =IF(B7=1,Inputs!$B$13,0) -> 120
A8: 2 | B8: =IF(Inputs!$B$5>=2,1,0) -> 1 | C8: =IF(B8=1,Inputs!$B$10+Inputs!$B$11+($A8-1)*(Inputs!$B$12+Inputs!$B$13)+Inputs!$B$12,0) -> 3230 | D8: =IF(B8=1,Inputs!$B$13,0) -> 120
A9: 3 | B9: =IF(Inputs!$B$5>=3,1,0) -> 1 | C9: =IF(B9=1,Inputs!$B$10+Inputs!$B$11+($A9-1)*(Inputs!$B$12+Inputs!$B$13)+Inputs!$B$12,0) -> 3385 | D9: =IF(B9=1,Inputs!$B$13,0) -> 120
A10: 4 | B10: =IF(Inputs!$B$5>=4,1,0) -> 1 | C10: =IF(B10=1,Inputs!$B$10+Inputs!$B$11+($A10-1)*(Inputs!$B$12+Inputs!$B$13)+Inputs!$B$12,0) -> 3540 | D10: =IF(B10=1,Inputs!$B$13,0) -> 120
A11: 5 | B11: =IF(Inputs!$B$5>=5,1,0) -> 1 | C11: =IF(B11=1,Inputs!$B$10+Inputs!$B$11+($A11-1)*(Inputs!$B$12+Inputs!$B$13)+Inputs!$B$12,0) -> 3695 | D11: =IF(B11=1,Inputs!$B$13,0) -> 120
A12: 6 | B12: =IF(Inputs!$B$5>=6,1,0) -> 1 | C12: =IF(B12=1,Inputs!$B$10+Inputs!$B$11+($A12-1)*(Inputs!$B$12+Inputs!$B$13)+Inputs!$B$12,0) -> 3850 | D12: =IF(B12=1,Inputs!$B$13,0) -> 120
A13: 7 | B13: =IF(Inputs!$B$5>=7,1,0) -> 1 | C13: =IF(B13=1,Inputs!$B$10+Inputs!$B$11+($A13-1)*(Inputs!$B$12+Inputs!$B$13)+Inputs!$B$12,0) -> 4005 | D13: =IF(B13=1,Inputs!$B$13,0) -> 120
A14: 8 | B14: =IF(Inputs!$B$5>=8,1,0) -> 1 | C14: =IF(B14=1,Inputs!$B$10+Inputs!$B$11+($A14-1)*(Inputs!$B$12+Inputs!$B$13)+Inputs!$B$12,0) -> 4160 | D14: =IF(B14=1,Inputs!$B$13,0) -> 120
A15: 9 | B15: =IF(Inputs!$B$5>=9,1,0) -> 1 | C15: =IF(B15=1,Inputs!$B$10+Inputs!$B$11+($A15-1)*(Inputs!$B$12+Inputs!$B$13)+Inputs!$B$12,0) -> 4315 | D15: =IF(B15=1,Inputs!$B$13,0) -> 120
A16: 10 | B16: =IF(Inputs!$B$5>=10,1,0) -> 1 | C16: =IF(B16=1,Inputs!$B$10+Inputs!$B$11+($A16-1)*(Inputs!$B$12+Inputs!$B$13)+Inputs!$B$12,0) -> 4470 | D16: =IF(B16=1,Inputs!$B$13,0) -> 120
A17: 11 | B17: =IF(Inputs!$B$5>=11,1,0) -> 0 | C17: =IF(B17=1,Inputs!$B$10+Inputs!$B$11+($A17-1)*(Inputs!$B$12+Inputs!$B$13)+Inputs!$B$12,0) -> 0 | D17: =IF(B17=1,Inputs!$B$13,0) -> 0
A18: 12 | B18: =IF(Inputs!$B$5>=12,1,0) -> 0 | C18: =IF(B18=1,Inputs!$B$10+Inputs!$B$11+($A18-1)*(Inputs!$B$12+Inputs!$B$13)+Inputs!$B$12,0) -> 0 | D18: =IF(B18=1,Inputs!$B$13,0) -> 0
A19: 13 | B19: =IF(Inputs!$B$5>=13,1,0) -> 0 | C19: =IF(B19=1,Inputs!$B$10+Inputs!$B$11+($A19-1)*(Inputs!$B$12+Inputs!$B$13)+Inputs!$B$12,0) -> 0 | D19: =IF(B19=1,Inputs!$B$13,0) -> 0
A20: 14 | B20: =IF(Inputs!$B$5>=14,1,0) -> 0 | C20: =IF(B20=1,Inputs!$B$10+Inputs!$B$11+($A20-1)*(Inputs!$B$12+Inputs!$B$13)+Inputs!$B$12,0) -> 0 | D20: =IF(B20=1,Inputs!$B$13,0) -> 0
A21: 15 | B21: =IF(Inputs!$B$5>=15,1,0) -> 0 | C21: =IF(B21=1,Inputs!$B$10+Inputs!$B$11+($A21-1)*(Inputs!$B$12+Inputs!$B$13)+Inputs!$B$12,0) -> 0 | D21: =IF(B21=1,Inputs!$B$13,0) -> 0
A22: 16 | B22: =IF(Inputs!$B$5>=16,1,0) -> 0 | C22: =IF(B22=1,Inputs!$B$10+Inputs!$B$11+($A22-1)*(Inputs!$B$12+Inputs!$B$13)+Inputs!$B$12,0) -> 0 | D22: =IF(B22=1,Inputs!$B$13,0) -> 0
A23: 17 | B23: =IF(Inputs!$B$5>=17,1,0) -> 0 | C23: =IF(B23=1,Inputs!$B$10+Inputs!$B$11+($A23-1)*(Inputs!$B$12+Inputs!$B$13)+Inputs!$B$12,0) -> 0 | D23: =IF(B23=1,Inputs!$B$13,0) -> 0
A24: 18 | B24: =IF(Inputs!$B$5>=18,1,0) -> 0 | C24: =IF(B24=1,Inputs!$B$10+Inputs!$B$11+($A24-1)*(Inputs!$B$12+Inputs!$B$13)+Inputs!$B$12,0) -> 0 | D24: =IF(B24=1,Inputs!$B$13,0) -> 0
A25: 19 | B25: =IF(Inputs!$B$5>=19,1,0) -> 0 | C25: =IF(B25=1,Inputs!$B$10+Inputs!$B$11+($A25-1)*(Inputs!$B$12+Inputs!$B$13)+Inputs!$B$12,0) -> 0 | D25: =IF(B25=1,Inputs!$B$13,0) -> 0
A26: 20 | B26: =IF(Inputs!$B$5>=20,1,0) -> 0 | C26: =IF(B26=1,Inputs!$B$10+Inputs!$B$11+($A26-1)*(Inputs!$B$12+Inputs!$B$13)+Inputs!$B$12,0) -> 0 | D26: =IF(B26=1,Inputs!$B$13,0) -> 0
A28: Per-session total | C28: =SUM(C6:C26) -> 40725 | D28: =SUM(D6:D26) -> 1240
A30: Cohort total (x users/month) | C30: =C28*Inputs!$B$4 -> 20362500 | D30: =D28*Inputs!$B$4 -> 620000
A31: Cohort input (M tokens) | C31: =C30/1000000 -> 20.3625
A32: Cohort output (M tokens) | C32: =D30/1000000 -> 0.62

Sheet ProductionAI
A1: Production AI Cost — 500 users x 10 LLM turns/month
A3: Cohort tokens pulled from TokenModel. One row per candidate LLM rate. Change rates on the Inputs tab.
A4: LLM / provider | B4: Input $/1M | C4: Output $/1M | D4: Input cost $/mo | E4: Output cost $/mo | F4: MONTHLY TOTAL $
A5: AIBots (gov-provided) | B5: =Inputs!$B$27 -> 0 | C5: =Inputs!$C$27 -> 0 | D5: =TokenModel!$C$30/1000000*B5 -> 0 | E5: =TokenModel!$D$30/1000000*C5 -> 0 | F5: =D5+E5 -> 0
A6: Azure OpenAI GPT-4o-class | B6: =Inputs!$B$28 -> 2.5 | C6: =Inputs!$C$28 -> 10 | D6: =TokenModel!$C$30/1000000*B6 -> 50.90625 | E6: =TokenModel!$D$30/1000000*C6 -> 6.2 | F6: =D6+E6 -> 57.10625
A7: Azure OpenAI GPT-4o-mini | B7: =Inputs!$B$29 -> 0.15 | C7: =Inputs!$C$29 -> 0.6 | D7: =TokenModel!$C$30/1000000*B7 -> 3.054375 | E7: =TokenModel!$D$30/1000000*C7 -> 0.372 | F7: =D7+E7 -> 3.426375
A8: Flagship GPT-5-class (est.) | B8: =Inputs!$B$30 -> 5 | C8: =Inputs!$C$30 -> 15 | D8: =TokenModel!$C$30/1000000*B8 -> 101.8125 | E8: =TokenModel!$D$30/1000000*C8 -> 9.3 | F8: =D8+E8 -> 111.1125
A9: Claude Sonnet (Bedrock SG) | B9: =Inputs!$B$31 -> 3 | C9: =Inputs!$C$31 -> 15 | D9: =TokenModel!$C$30/1000000*B9 -> 61.0875 | E9: =TokenModel!$D$30/1000000*C9 -> 9.3 | F9: =D9+E9 -> 70.3875
A10: Claude Haiku (Bedrock SG) | B10: =Inputs!$B$32 -> 0.8 | C10: =Inputs!$C$32 -> 4 | D10: =TokenModel!$C$30/1000000*B10 -> 16.29 | E10: =TokenModel!$D$30/1000000*C10 -> 2.48 | F10: =D10+E10 -> 18.77
A11: Qwen-Plus (Alibaba Cloud SG, est.) | B11: =Inputs!$B$33 -> 0.4 | C11: =Inputs!$C$33 -> 1.2 | D11: =TokenModel!$C$30/1000000*B11 -> 8.145 | E11: =TokenModel!$D$30/1000000*C11 -> 0.744 | F11: =D11+E11 -> 8.889

Sheet Testing
A1: Automated Testing / Eval Harness Cost
A3: GitHub Actions cron (every 2 days) drives /api/sim through the REAL graph + AIBots for each persona, with an OpenAI gpt-4o-mini roleplaying the "youth". Synthetic data only (no PHI).
A4: AIBots eval token model (per persona)
A5: AI turns per persona (T) | B5: =Inputs!$B$18 -> 12
A6: Input tokens / persona | B6: =Inputs!$B$10+Inputs!$B$18*(Inputs!$B$10+Inputs!$B$11+Inputs!$B$12)+(Inputs!$B$12+Inputs!$B$13)*Inputs!$B$18*(Inputs!$B$18-1)/2 -> 50130
A7: Output tokens / persona | B7: =Inputs!$B$11+Inputs!$B$18*Inputs!$B$13 -> 1480
A8: Scale factor (personas x runs / month) | B8: =Inputs!$B$17*Inputs!$B$16 -> 90
A9: Monthly AIBots input tokens | B9: =B6*B8 -> 4511700
A10: Monthly AIBots output tokens | B10: =B7*B8 -> 133200
A12: OpenAI roleplay "youth" (gpt-4o-mini)
A13: Monthly input tokens | B13: =Inputs!$B$19*Inputs!$B$17*Inputs!$B$16*Inputs!$B$20 -> 1296000
A14: Monthly output tokens | B14: =Inputs!$B$19*Inputs!$B$17*Inputs!$B$16*Inputs!$B$21 -> 64800
A15: OpenAI cost $/mo | B15: =B13/1000000*Inputs!$B$22+B14/1000000*Inputs!$B$23 -> 0.23328
A16: GitHub Actions $/mo (free tier) | B16: =0 -> 0
A18: Testing total by LLM rate card
A19: LLM / provider (AIBots calls) | B19: Input $/1M | C19: Output $/1M | D19: AIBots test $ | E19: + OpenAI $ | F19: + CI $ | G19: TESTING TOTAL $
A20: AIBots (gov-provided) | B20: =Inputs!$B$27 -> 0 | C20: =Inputs!$C$27 -> 0 | D20: =$B$9/1000000*B20+$B$10/1000000*C20 -> 0 | E20: =$B$15 -> 0.23328 | F20: =$B$16 -> 0 | G20: =D20+E20+F20 -> 0.23328
A21: Azure OpenAI GPT-4o-class | B21: =Inputs!$B$28 -> 2.5 | C21: =Inputs!$C$28 -> 10 | D21: =$B$9/1000000*B21+$B$10/1000000*C21 -> 12.61125 | E21: =$B$15 -> 0.23328 | F21: =$B$16 -> 0 | G21: =D21+E21+F21 -> 12.84453
A22: Azure OpenAI GPT-4o-mini | B22: =Inputs!$B$29 -> 0.15 | C22: =Inputs!$C$29 -> 0.6 | D22: =$B$9/1000000*B22+$B$10/1000000*C22 -> 0.756675 | E22: =$B$15 -> 0.23328 | F22: =$B$16 -> 0 | G22: =D22+E22+F22 -> 0.989955
A23: Flagship GPT-5-class (est.) | B23: =Inputs!$B$30 -> 5 | C23: =Inputs!$C$30 -> 15 | D23: =$B$9/1000000*B23+$B$10/1000000*C23 -> 24.5565 | E23: =$B$15 -> 0.23328 | F23: =$B$16 -> 0 | G23: =D23+E23+F23 -> 24.78978
A24: Claude Sonnet (Bedrock SG) | B24: =Inputs!$B$31 -> 3 | C24: =Inputs!$C$31 -> 15 | D24: =$B$9/1000000*B24+$B$10/1000000*C24 -> 15.5331 | E24: =$B$15 -> 0.23328 | F24: =$B$16 -> 0 | G24: =D24+E24+F24 -> 15.76638
A25: Claude Haiku (Bedrock SG) | B25: =Inputs!$B$32 -> 0.8 | C25: =Inputs!$C$32 -> 4 | D25: =$B$9/1000000*B25+$B$10/1000000*C25 -> 4.14216 | E25: =$B$15 -> 0.23328 | F25: =$B$16 -> 0 | G25: =D25+E25+F25 -> 4.37544
A26: Qwen-Plus (Alibaba Cloud SG, est.) | B26: =Inputs!$B$33 -> 0.4 | C26: =Inputs!$C$33 -> 1.2 | D26: =$B$9/1000000*B26+$B$10/1000000*C26 -> 1.96452 | E26: =$B$15 -> 0.23328 | F26: =$B$16 -> 0 | G26: =D26+E26+F26 -> 2.1978

Sheet Infrastructure
A1: Fixed Infrastructure Cost ($/month) — 4 configurations
A3: Line item | B3: A: All-managed SaaS | C3: B: Hybrid (Vercel+self-host data) | D3: C: Lean pilot (free tiers) | E3: D: Fully self-hosted | F3: Notes
A4: Vercel (Pro, 1 seat) | B4: 20 | C4: 20 | D4: 20 | E4: 0 | F4: Pro required for commercial use + 60s functions. D drops Vercel for a self-run Node host.
A5: Redis host | B5: 10 | C5: 0 | D5: 0 | E5: 0 | F5: A: Upstash pay-as-you-go. B/D: on the shared VM. C: Upstash free tier.
A6: Directus (AI gateway) host/license | B6: 15 | C6: 0 | D6: 6 | E6: 0 | F6: A: Directus Cloud Starter. B/D: self-hosted on VM (community license free). C: micro VM.
A7: Microsoft 365 / SharePoint | B7: 0 | C7: 0 | D7: 0 | E7: 0 | F7: Assumed already owned org-wide -> $0 incremental to this project.
A8: Power Automate premium connector | B8: 15 | C8: 0 | D8: 0 | E8: 0 | F8: 'HTTP request received' trigger is premium (~$15/user or ~$100/flow). $0 if already licensed. CONFIRM.
A9: Compute VM (Singapore region) | B9: 0 | C9: 12 | D9: 0 | E9: 25 | F9: B: 1 small VM for Redis+Directus. D: larger VM for Node+Redis+Directus. Pin to SG for PDPA.
A10: Domain / misc | B10: 1 | C10: 1 | D10: 1 | E10: 1 | F10: Registration page + webhook domain.
A11: GitHub Actions (CI) | B11: 0 | C11: 0 | D11: 0 | E11: 0 | F11: Eval cron well within free minutes.
A13: TOTAL FIXED $/mo | B13: =SUM(B4:B11) -> 61 | C13: =SUM(C4:C11) -> 33 | D13: =SUM(D4:D11) -> 27 | E13: =SUM(E4:E11) -> 26

Sheet TCO
A1: Total Cost of Ownership — named end-to-end scenarios ($/month)
A3: Each scenario = one LLM rate card + one infrastructure configuration. Production AI from ProductionAI, Testing from Testing, Fixed from Infrastructure.
A4: Scenario | B4: LLM brain | C4: Infra config | D4: Production AI $/mo | E4: Testing $/mo | F4: Fixed infra $/mo | G4: TOTAL $/mo
A5: 1. Best case (gov-free AI, lean) | B5: AIBots (gov-provided) | C5: C: Lean pilot | D5: =ProductionAI!$F$5 -> 0 | E5: =Testing!$G$20 -> 0.23328 | F5: =Infrastructure!$D$13 -> 27 | G5: =D5+E5+F5 -> 27.23328
A6: 2. Gov-free AI, managed infra | B6: AIBots (gov-provided) | C6: A: All-managed | D6: =ProductionAI!$F$5 -> 0 | E6: =Testing!$G$20 -> 0.23328 | F6: =Infrastructure!$B$13 -> 61 | G6: =D6+E6+F6 -> 61.23328
A7: 3. Billed GPT-4o-class, hybrid | B7: Azure GPT-4o-class | C7: B: Hybrid | D7: =ProductionAI!$F$6 -> 57.10625 | E7: =Testing!$G$21 -> 12.84453 | F7: =Infrastructure!$C$13 -> 33 | G7: =D7+E7+F7 -> 102.95078
A8: 4. Budget (GPT-4o-mini, lean) | B8: Azure GPT-4o-mini | C8: C: Lean pilot | D8: =ProductionAI!$F$7 -> 3.426375 | E8: =Testing!$G$22 -> 0.989955 | F8: =Infrastructure!$D$13 -> 27 | G8: =D8+E8+F8 -> 31.41633
A9: 5. Worst case (flagship GPT-5, managed) | B9: Flagship GPT-5-class | C9: A: All-managed | D9: =ProductionAI!$F$8 -> 111.1125 | E9: =Testing!$G$23 -> 24.78978 | F9: =Infrastructure!$B$13 -> 61 | G9: =D9+E9+F9 -> 196.90228
A10: 6. Claude Haiku (Bedrock), hybrid | B10: Claude Haiku (Bedrock SG) | C10: B: Hybrid | D10: =ProductionAI!$F$10 -> 18.77 | E10: =Testing!$G$25 -> 4.37544 | F10: =Infrastructure!$C$13 -> 33 | G10: =D10+E10+F10 -> 56.14544
A11: 7. Qwen-Plus (Alibaba SG), hybrid | B11: Qwen-Plus (Alibaba SG, est.) | C11: B: Hybrid | D11: =ProductionAI!$F$11 -> 8.889 | E11: =Testing!$G$26 -> 2.1978 | F11: =Infrastructure!$C$13 -> 33 | G11: =D11+E11+F11 -> 44.0868
A12: AI cost is the dominant swing driver. If AIBots is gov-provided, total collapses to essentially fixed infra + ~$0.30 testing. Multiply TOTAL x12 for an annual figure.

Sheet AltProviders
A1: Alternative Solutions for the Same Architecture
A3: Component | B3: Current | C3: Alternative(s) | D3: Cost impact | E3: PDPA / SG residency | F3: Recommendation
A4: LLM brain | B4: AIBots (azure~openai.gpt-5-2-chat) via Directus | C4: Azure OpenAI direct (SG); Claude via Bedrock (SG); Qwen via Alibaba Cloud SG or self-hosted; self-host SEA-LION/Llama on SG GPU | D4: Biggest lever. mini/Qwen-Plus ~20x cheaper than flagship; self-host = fixed GPU cost | E4: Azure/AWS SG-region PDPA-OK. Qwen resident via SG endpoint/self-host BUT Chinese vendor = extra review. AIBots = pre-approved gov path | F4: Stay on AIBots if gov-provided ($0). Else price mini vs Haiku vs Qwen-Plus; vet Qwen vendor risk first.
A5: AI gateway | B5: Directus (for IP whitelisting) | C5: Azure API Management; Cloudflare Gateway; NGINX reverse proxy on the VM | D5: Directus Cloud ~$15/mo vs ~$0 self-host | E5: Neutral — gateway holds no PHI at rest | F5: Self-host on the same VM as Redis to remove a SaaS line.
A6: Session store | B6: Redis via ioredis (persistent socket) | C6: Upstash Redis (HTTP, serverless-native); Vercel KV; self-host Redis | D6: Upstash free tier covers pilot; ioredis on serverless risks connection exhaustion | E6: Pin region to SG for PDPA | F6: Move to Upstash/HTTP for serverless correctness AND lower cost.
A7: Hosting | B7: Vercel serverless (Pro) | C7: Azure Functions (SG); Cloudflare Workers; self-host Node on SG VM | D7: Vercel Pro $20 vs VM ~$12-25; Azure aligns with M365/PDPA | E7: Azure SG region strongest PDPA story | F7: Keep Vercel for pilot simplicity; revisit Azure if scaling/tightening residency.
A8: Conversation logging | B8: SharePoint via Power Automate webhook | C8: Direct Graph API to SharePoint; Azure Table/Blob; Postgres on VM | D8: Avoids Power Automate PREMIUM connector (~$15/user or $100/flow) | E8: All keep data in M365/SG | F8: If PA premium is not already licensed, switch to Graph API direct.
A9: Fallback AI | B9: Dify (live AIBots->Dify failover) | C9: Remove entirely; or fail over to Azure OpenAI direct | D9: $0 unless it fires, but a standing 2nd provider + PDPA risk | E9: Dify likely NOT SG-approved -> violates CLAUDE.md | F9: DECIDE: remove Dify or replace with an SG-approved failover.
A10: Eval executor | B10: GitHub Actions (cron 2-daily) | C10: Vercel Cron; Azure DevOps; self-host cron | D10: GH Actions free tier sufficient; ~$0 | E10: Synthetic data only, no PHI | F10: Keep as-is. Cheapest option.
